"","logFC","AveExpr","t","P.Value","adj.P.Val","gene_id","gene"
"ENSG00000256223",4.87669823697388,4.42037398522581,15.4104605640972,8.58587273270755e-10,1.9524274594177e-05,"ENSG00000256223","ZNF10"
"ENSG00000104067",-5.8294393339513,3.28534567111268,-11.4989495080335,2.67260822159946e-08,0.000303875554795859,"ENSG00000104067","TJP1"
"ENSG00000176928",-3.17670246072893,1.61296247462879,-9.40774035483604,2.52586400986103e-07,0.00191460491947466,"ENSG00000176928","GCNT4"
"ENSG00000143632",-2.73718181524521,3.89548653679867,-8.8242245602384,5.09362377256118e-07,0.00289572511470103,"ENSG00000143632","ACTA1"
"ENSG00000149591",-2.29824739532358,6.96842883356387,-8.31304350463727,9.69561625045875e-07,0.00440956627070864,"ENSG00000149591","TAGLN"
"ENSG00000288710",-5.04865001118932,-2.09895586806148,-7.06716728360663,5.34795304858862e-06,0.0193291648742334,"ENSG00000288710",NA
"ENSG00000170561",-1.80876833692807,4.57403323744002,-6.98411422823569,5.9500507528423e-06,0.0193291648742334,"ENSG00000170561","IRX2"
"ENSG00000125144",2.96151172637888,3.54590574191492,6.56925861410322,1.09749627760318e-05,0.0311963316908705,"ENSG00000125144","MT1G"
"ENSG00000135046",-3.78899042335597,2.47594797533828,-6.38820179845674,1.44758192501149e-05,0.0365755699719569,"ENSG00000135046","ANXA1"
